{
  "site": {
    "title": "Модульные решения",
    "phone": "+7 (XXX) XXX-XX-XX",
    "email": "s.mosgovoy@yandex.ru",
    "copyright": "© 2025 Модульные решения. Все права защищены."
  },
  "hero": {
    "slides": [
      {
        "title": "Модульные решения",
        "subtitle": "Профессиональное производство металлоконструкций и модульных объектов",
        "image": "hero-1"
      },
      {
        "title": "Качество и надёжность",
        "subtitle": "Более 10 лет опыта в строительстве модульных объектов",
        "image": "hero-2"
      }
    ],
    "interval": 5000
  },
  "about": {
    "title": "О компании",
    "content": "Компания «Модульные решения» — это современное производственное предприятие, специализирующееся на изготовлении металлоконструкций и модульных объектов различного назначения. Мы предлагаем широкий спектр решений для бизнеса и частных клиентов: от компактных бытовок до масштабных многосоставных комплексов.\n\nНаша миссия — обеспечить заказчиков качественными, функциональными и экономичными модульными объектами, которые отвечают самым высоким требованиям безопасности и комфорта. Мы используем только сертифицированные материалы и современное оборудование, что позволяет нам гарантировать долговечность и надёжность каждого изделия.\n\nКоманда профессионалов с многолетним опытом готова взять на себя весь цикл работ — от проектирования до монтажа на вашем объекте. Мы ценим доверие клиентов и стремимся к долгосрочному сотрудничеству, основанному на прозрачности, качестве и ответственности."
  },
  "services": [
    {
      "id": "bars",
      "name": "Бары",
      "slug": "bars",
      "image": "bars-main",
      "description": "Мобильные модульные бары — это современное и практичное решение для организации торговой точки или зоны обслуживания в любом месте. Наши конструкции изготавливаются из качественных материалов, обеспечивающих прочность и долговечность даже при интенсивной эксплуатации.",
      "fullDescription": "Мобильные модульные бары от компании «Модульные решения» представляют собой универсальное решение для организации торговых точек, кафе, баров и зон обслуживания на открытых площадках, в торговых центрах, на мероприятиях и фестивалях. Наши модули сочетают в себе функциональность, эстетику и мобильность.\n\nКаждый модульный бар разрабатывается с учётом потребностей заказчика. Мы предлагаем различные варианты планировок, встроенное холодильное оборудование, системы вентиляции, освещение и возможность подключения коммуникаций. Внешняя отделка может быть выполнена в любом стиле — от индустриального металла до современного дерева и стекла.\n\nПреимущества наших модульных баров: быстрая установка и запуск, возможность перемещения, низкие эксплуатационные расходы, полная готовность к работе. Мы берём на себя весь цикл — от проектирования до сдачи объекта «под ключ»."
    },
    {
      "id": "cabins",
      "name": "Бытовки",
      "slug": "cabins",
      "image": "cabins-main",
      "description": "Строительные бытовки — незаменимый элемент инфраструктуры любой строительной площадки. Мы производим бытовки различного назначения: для проживания рабочих, хранения инструмента, организации бытовых помещений и офисов на объекте.",
      "fullDescription": "Бытовки от «Модульные решения» — это надёжные, функциональные и экономичные конструкции, которые обеспечивают комфортные условия для работы и отдыха персонала на строительных площадках, производственных объектах и в полевых условиях. Мы предлагаем широкий ассортимент бытовок различного назначения и уровня комфорта.\n\nНаши бытовки изготавливаются из высококачественного металлического каркаса с утеплением и внутренней отделкой. Мы устанавливаем окна, двери, системы отопления и вентиляции, электропроводку с розетками и освещением. Возможна комплектация мебелью, сантехникой и бытовой техникой по желанию заказчика.\n\nПреимущества: быстрая доставка и монтаж, возможность использования круглый год благодаря качественному утеплению, модульная конструкция позволяет объединять несколько бытовок для создания комплексов, низкая стоимость владения и обслуживания."
    },
    {
      "id": "living",
      "name": "Жилые модули",
      "slug": "living",
      "image": "living-main",
      "description": "Жилые модули — это современное решение для временного или постоянного проживания. Модульные дома сочетают в себе комфорт традиционного жилья и преимущества быстровозводимых конструкций.",
      "fullDescription": "Жилые модули компании «Модульные решения» — это комфортные, энергоэффективные и стильные пространства для жизни. Мы создаём модульные дома, которые подходят для использования в качестве временного жилья на производственных объектах, гостевых домов, загородных резиденций или постоянного жилья.\n\nКаждый жилой модуль проектируется индивидуально с учётом пожеланий заказчика. Мы предлагаем различные планировки: студии, однокомнатные и многокомнатные варианты. Внутренняя отделка выполняется из экологичных материалов высокого качества. Устанавливаются современные окна с энергосберегающими стеклопакетами, системы отопления и кондиционирования, полный комплекс инженерных коммуникаций.\n\nПреимущества: возможность установки практически на любом участке, быстрые сроки изготовления и монтажа (от 2 недель), энергоэффективность и низкие эксплуатационные расходы, возможность расширения путём добавления дополнительных модулей."
    },
    {
      "id": "checkpoint",
      "name": "КПП",
      "slug": "checkpoint",
      "image": "checkpoint-main",
      "description": "Контрольно-пропускные пункты — важный элемент системы безопасности любого объекта. Мы производим КПП различных размеров и уровней оснащения для организации пропускного режима на предприятиях, строительных площадках, парковках.",
      "fullDescription": "КПП (контрольно-пропускные пункты) от компании «Модульные решения» — это надёжные конструкции, обеспечивающие контроль доступа и безопасность на охраняемых территориях. Мы изготавливаем модульные КПП для предприятий, складских комплексов, жилых комплексов, парковок и других объектов, требующих организации пропускного режима.\n\nНаши КПП оборудованы всем необходимым для комфортной работы охранников: отоплением, кондиционированием, остеклением с хорошим обзором, рабочим местом с освещением и розетками. Возможна установка систем видеонаблюдения, домофонов, турникетов и шлагбаумов. Конструкция КПП может быть усилена дополнительной защитой в зависимости от требований безопасности объекта.\n\nПреимущества: быстрая установка в любом месте, мобильность (при необходимости КПП можно переместить), круглогодичная эксплуатация благодаря утеплению и климат-контролю, различные варианты остекления для обеспечения необходимого обзора."
    },
    {
      "id": "warehouse",
      "name": "Склады",
      "slug": "warehouse",
      "image": "warehouse-main",
      "description": "Модульные склады — эффективное решение для организации складских помещений любого масштаба. Наши конструкции подходят для хранения товаров, оборудования, материалов и обеспечивают необходимые условия безопасности.",
      "fullDescription": "Модульные складские помещения от «Модульные решения» — это практичное и экономически выгодное решение для организации складских площадей любого назначения. Мы создаём модульные склады для промышленных предприятий, торговых компаний, логистических центров, сельского хозяйства и других сфер деятельности.\n\nНаши складские модули изготавливаются из прочного металлического каркаса с обшивкой профлистом или сэндвич-панелями. Мы предлагаем различные варианты утепления в зависимости от условий хранения товаров. Возможна установка систем вентиляции, отопления, противопожарного оборудования, освещения и систем безопасности.\n\nПреимущества: быстрое строительство (в 3-5 раз быстрее капитального), возможность расширения путём добавления модулей, мобильность (склад можно разобрать и переместить), низкая стоимость по сравнению с традиционными складскими помещениями, возможность эксплуатации в любых климатических условиях."
    },
    {
      "id": "toilets",
      "name": "Туалеты",
      "slug": "toilets",
      "image": "toilets-main",
      "description": "Модульные санитарные блоки — необходимая часть инфраструктуры строительных площадок, мероприятий, парков и других общественных мест. Мы производим туалетные модули с различными уровнями комфорта и вместимости.",
      "fullDescription": "Модульные санитарные блоки компании «Модульные решения» обеспечивают комфортные гигиенические условия на строительных площадках, при проведении массовых мероприятий, в парках, на автостоянках и других общественных местах. Мы предлагаем широкий выбор решений: от компактных одноместных кабин до многоместных санитарных комплексов.\n\nНаши модульные туалеты оснащены всем необходимым оборудованием: унитазами, умывальниками, системами водоснабжения и канализации, вентиляцией, освещением и отоплением. Возможна комплектация душевыми кабинами, электросушилками для рук, зеркалами и другими элементами. Внутренняя отделка выполняется из влагостойких материалов, легко поддающихся уборке.\n\nПреимущества: быстрая установка и подключение коммуникаций, возможность автономной работы, соответствие санитарным нормам и требованиям гигиены, круглогодичное использование, мобильность и возможность перемещения при необходимости."
    },
    {
      "id": "complex",
      "name": "Многосоставные модули",
      "slug": "complex",
      "image": "complex-main",
      "description": "Многосоставные модульные комплексы — это масштабные проекты, объединяющие несколько функциональных зон в единое целое. Мы проектируем и строим модульные здания для офисов, учебных заведений, медицинских учреждений и других целей.",
      "fullDescription": "Многосоставные модульные комплексы от компании «Модульные решения» — это современное архитектурное решение для создания полноценных зданий и сооружений различного назначения. Мы реализуем проекты модульных офисных центров, школ, детских садов, медицинских учреждений, гостиниц, торговых павильонов и производственных помещений.\n\nКаждый многосоставной комплекс проектируется индивидуально с учётом функционального назначения, количества помещений, требований к инженерным системам и эстетики. Модули изготавливаются на заводе с полной внутренней отделкой, инженерными коммуникациями и оборудованием, после чего доставляются на объект и быстро собираются в единую конструкцию.\n\nПреимущества: сокращение сроков строительства в 5-10 раз по сравнению с традиционными методами, возможность поэтапного ввода в эксплуатацию, гибкость планировки и возможность модернизации, высокое качество исполнения благодаря заводскому изготовлению, возможность демонтажа и повторного использования модулей на другом объекте."
    }
  ]
}